{"ranges": [[[0, 49.1319584005183, 182.41626517304096], [68.15026312665744, 158.26682991024435, 255]]], "bgr": [0, 0, 255]}